{
  "index_patterns" : "pf-*",
  "version" : 60001,
  "settings" : {
    "index.refresh_interval" : "5s",
    "number_of_shards": 2
  },
  "mappings" : {
    "dynamic_templates" : [ {
      "message_field" : {
        "path_match" : "message",
        "match_mapping_type" : "string",
        "mapping" : {
          "type" : "text",
          "norms" : false
        }
      }
    }, {
      "string_fields" : {
        "match" : "*",
        "match_mapping_type" : "string",
        "mapping" : {
          "type" : "text", "norms" : false,
          "fields" : {
            "keyword" : { "type": "keyword", "ignore_above": 256 }
          }
        }
      }
    } ],
    "properties" : {
      "destination": {
        "properties": {
          "geo": {
            "dynamic": true,
            "properties": {
              "ip": { "type": "ip" },
              "location" : { "type" : "geo_point" },
              "latitude" : { "type" : "half_float" },
              "longitude" : { "type" : "half_float" }
            }
          },
          "as": {
            "dynamic": true,
            "properties": {
              "ip": { "type": "ip" },
              "location" : { "type" : "geo_point" },
              "latitude" : { "type" : "half_float" },
              "longitude" : { "type" : "half_float" }
            }
          }
        }
      },
      "source": {
        "properties": {
          "geo": {
            "dynamic": true,
            "properties": {
              "ip": { "type": "ip" },
              "location" : { "type" : "geo_point" },
              "latitude" : { "type" : "half_float" },
              "longitude" : { "type" : "half_float" }
            }
          },
          "as": {
            "dynamic": true,
            "properties": {
              "ip": { "type": "ip" },
              "location" : { "type" : "geo_point" },
              "latitude" : { "type" : "half_float" },
              "longitude" : { "type" : "half_float" }
            }
          }
        }
      }
    }
  }
}
